Id,AccountName,AccountId,Balance
1,FutureHomeCar,b2220fa8-430c-4b39-b231-1583309dd932,0
3,FutureHomeCar,5b094f8c-2522-4feb-83cc-4eb476137a52,0
4,NEwNam1e,8044053b-5c0e-4908-8e87-6652826d421c,0
5,FutureHomeCar,36db92e2-7da5-4a33-9550-ac1b369df4ad,0
6,FutureHomeCar gfhfgh,a43fed76-1b84-4a48-a313-94f7df056d21,0
7,FutureHomeCar gfhfgh,a85c1283-4b60-4fe6-9c9f-4df68551ff69,0
8,FutureHomeCar gfhfgh,8c7ff29d-107f-4849-9b0f-8c71498c490d,0
9,FutureHomeCar gfhfgh,0a6d524d-d3dc-43cb-9486-118ba804a199,0
10,FutureHomeCar gfhfgh,ddb7bd78-9779-4c49-b85d-75931c015f44,0
11,FutureHomeCar gfhfgh,784af1b5-888c-4393-9ab2-8325daa4ffbc,0
12,FutureHomeCar gfhfgh,6816ca79-5b6c-4576-a1f8-03203165846b,0
13,FutureHomeCar gfhfgh,099055a4-583e-4432-bb4c-39d3668e3b0c,0
14,FutureHomeCar gfhfgh,d9a57054-926f-4b82-aebe-42626fdd4a11,0
15,FutureHomeCar gfhfgh,15d0ad9c-933b-4d7d-b9e2-f77c5557145a,0
16,FutureHomeCar gfhfgh,878f6017-d399-4eb7-9408-84a5d7ba82b4,0
17,FutureHomeCar gfhfgh,f713a8df-440c-4979-a3cb-8e80590a690c,0
18,FutureHomeCar gfhfgh,837438c6-74a7-404a-bf4f-b6024eed5e83,0
19,FutureHomeCar gfhfgh,32b6f961-9917-44ee-8c3e-8a4e957485c0,0
20,FutureHomeCar gfhfgh,2707269b-17ab-4b96-8fe9-2489f454f965,0
21,FutureHomeCar gfhfgh,e4070fbf-6c9f-4c00-9642-0fbc33dfddb8,0
22,FutureHomeCar gfhfgh,9e6875f8-dac0-4987-8e4b-54758bcc42d7,0
23,FutureHomeCar gfhfgh,6aca15de-9ece-4fcf-9650-bee9484b9dcc,0
